,1,2,accuracy,macro avg,weighted avg
precision,0.0,0.985735838705253,0.985735838705253,0.4928679193526265,0.9716751437079486
recall,0.0,1.0,0.985735838705253,0.5,0.985735838705253
f1-score,0.0,0.9928166873877607,0.985735838705253,0.49640834369388037,0.9786549900227454
support,520.0,35935.0,0.985735838705253,36455.0,36455.0
