,1,2,accuracy,macro avg,weighted avg
precision,0.7087146836450458,0.7013435700575815,0.7049628761234857,0.7050291268513136,0.7050291268513136
recall,0.6959749902305589,0.7139507620164126,0.7049628761234857,0.7049628761234857,0.7049628761234857
f1-score,0.7022870662460569,0.7075910147172734,0.7049628761234857,0.7049390404816651,0.7049390404816651
support,2559.0,2559.0,0.7049628761234857,5118.0,5118.0
