,1,2,accuracy,macro avg,weighted avg
precision,0.9752895752895753,0.9869462025316456,0.9810472840953497,0.9811178889106105,0.9811178889106104
recall,0.9871043376318874,0.9749902305588121,0.9810472840953497,0.9810472840953497,0.9810472840953497
f1-score,0.981161390561274,0.9809317869078042,0.9810472840953497,0.9810465887345392,0.9810465887345391
support,2559.0,2559.0,0.9810472840953497,5118.0,5118.0
