,1,2,accuracy,macro avg,weighted avg
precision,0.9643950995405819,0.9840383080606544,0.9740132864400156,0.9742167038006182,0.9742167038006181
recall,0.9843688940992575,0.9636576787807737,0.9740132864400156,0.9740132864400156,0.9740132864400156
f1-score,0.9742796364339587,0.973741362290227,0.9740132864400156,0.9740104993620928,0.9740104993620928
support,2559.0,2559.0,0.9740132864400156,5118.0,5118.0
