,1,2,accuracy,macro avg,weighted avg
precision,0.9760247486465584,0.9861769352290679,0.9810472840953497,0.9811008419378131,0.9811008419378131
recall,0.9863227823368503,0.9757717858538492,0.9810472840953497,0.9810472840953497,0.9810472840953497
f1-score,0.9811467444120506,0.9809467688076999,0.9810472840953497,0.9810467566098753,0.9810467566098753
support,2559.0,2559.0,0.9810472840953497,5118.0,5118.0
