,1,2,accuracy,macro avg,weighted avg
precision,0.9756568778979907,0.9865612648221344,0.9810472840953497,0.9811090713600625,0.9811090713600625
recall,0.9867135599843689,0.9753810082063306,0.9810472840953497,0.9810472840953497,0.9810472840953497
f1-score,0.9811540703322325,0.9809392808017293,0.9810472840953497,0.9810466755669809,0.9810466755669809
support,2559.0,2559.0,0.9810472840953497,5118.0,5118.0
