,1,2,accuracy,macro avg,weighted avg
precision,0.7004048582995951,0.9904164825452939,0.9884515155671376,0.8454106704224444,0.9862797099597016
recall,0.3326923076923077,0.9979407263113955,0.9884515155671376,0.6653165170018516,0.9884515155671376
f1-score,0.4511082138200782,0.9941643679913506,0.9884515155671376,0.7226362909057144,0.9864181274161464
support,520.0,35935.0,0.9884515155671376,36455.0,36455.0
