,1,2,accuracy,macro avg,weighted avg
precision,0.9672194369456228,0.9798019801980198,0.9734271199687378,0.9735107085718213,0.9735107085718213
recall,0.9800703399765534,0.9667838999609223,0.9734271199687378,0.9734271199687379,0.9734271199687378
f1-score,0.9736024844720497,0.973249409913454,0.9734271199687378,0.9734259471927518,0.9734259471927519
support,2559.0,2559.0,0.9734271199687378,5118.0,5118.0
