,1,2,accuracy,macro avg,weighted avg
precision,0.9563567362428842,0.9842931937172775,0.9699101211410708,0.9703249649800809,0.9703249649800808
recall,0.984759671746776,0.9550605705353654,0.9699101211410708,0.9699101211410708,0.9699101211410708
f1-score,0.9703504043126684,0.9694565648552161,0.9699101211410708,0.9699034845839423,0.9699034845839423
support,2559.0,2559.0,0.9699101211410708,5118.0,5118.0
